NU_ANO_AVALIACAO;CO_UF;SG_UF;TP_SERIE;ID_TIPO_REDE;PC_ALUNO_ALFABETIZADO;VL_MEDIA_LP;PC_ALUNO_NIVEL_0_LP;PC_ALUNO_NIVEL_1_LP;PC_ALUNO_NIVEL_2_LP;PC_ALUNO_NIVEL_3_LP;PC_ALUNO_NIVEL_4_LP;PC_ALUNO_NIVEL_5_LP;PC_ALUNO_NIVEL_6_LP;PC_ALUNO_NIVEL_7_LP;PC_ALUNO_NIVEL_8_LP
2025;11;RO;2;2;77.66;763.9429;1.04;1.63;4.97;7.54;13.13;30.33;26.43;11.12;3.81
2025;11;RO;2;5;75.30;761.7828;1.73;2.49;5.07;7.93;12.37;29.96;25.65;11.10;3.70
2025;11;RO;2;3;75.16;761.6562;1.77;2.54;5.08;7.96;12.32;29.94;25.60;11.10;3.69
2025;12;AC;2;5;67.99;752.7504;3.08;4.18;8.73;4.37;19.49;27.27;20.94;9.39;2.56
2025;12;AC;2;2;71.12;756.9630;2.54;3.77;7.75;4.19;17.84;26.70;23.21;10.55;3.45
2025;12;AC;2;3;65.68;749.6527;3.48;4.47;9.46;4.50;20.71;27.68;19.27;8.53;1.90
2025;13;AM;2;3;55.15;740.1226;3.02;4.53;9.51;17.03;16.80;29.40;16.08;3.09;0.54
2025;13;AM;2;5;57.11;741.9726;2.95;4.40;9.12;16.19;16.01;29.61;17.42;3.58;0.72
2025;13;AM;2;2;64.32;748.7423;2.68;3.93;7.72;13.10;13.09;30.42;22.31;5.40;1.35
2025;14;RR;2;3;57.32;745.4692;1.99;3.18;6.94;16.41;17.29;30.17;21.19;2.37;0.46
2025;14;RR;2;2;39.24;723.4964;5.77;7.58;12.19;23.41;18.51;24.82;7.48;0.24;0.00
2025;14;RR;2;5;56.61;744.6037;2.14;3.36;7.14;16.69;17.34;29.96;20.65;2.28;0.44
2025;15;PA;2;2;65.92;749.9096;2.44;3.45;7.64;12.71;12.48;31.62;23.19;5.25;1.21
2025;15;PA;2;3;57.53;741.9771;3.55;5.07;9.52;15.07;14.81;28.20;18.41;4.47;0.91
2025;15;PA;2;5;58.05;742.4728;3.48;4.97;9.40;14.92;14.66;28.41;18.71;4.51;0.93
2025;16;AP;2;2;47.70;732.3958;5.95;7.82;14.43;14.50;13.89;22.56;15.10;5.01;0.74
2025;16;AP;2;5;59.71;744.8462;3.85;5.49;10.47;12.05;13.33;25.53;20.21;7.47;1.58
2025;16;AP;2;3;63.59;748.8781;3.17;4.74;9.19;11.26;13.15;26.50;21.87;8.27;1.86
2025;17;TO;2;3;61.00;743.6300;3.27;5.25;10.66;9.26;17.84;29.88;18.21;4.58;1.05
2025;17;TO;2;5;61.00;743.6300;3.27;5.25;10.66;9.26;17.84;29.88;18.21;4.58;1.05
2025;21;MA;2;5;68.82;760.8800;2.69;3.48;6.40;10.50;11.45;19.17;25.77;15.16;5.38
2025;21;MA;2;3;68.81;760.8600;2.69;3.48;6.40;10.50;11.45;19.17;25.76;15.17;5.38
2025;21;MA;2;2;75.34;769.1900;1.53;1.53;4.85;7.87;11.55;20.37;32.29;12.82;7.19
2025;22;PI;2;2;83.15;784.7622;0.00;0.00;2.37;5.80;9.96;15.55;27.99;27.64;10.70
2025;22;PI;2;3;76.87;772.2365;2.08;2.77;4.77;7.28;9.03;17.01;27.35;19.92;9.80
2025;22;PI;2;5;76.89;772.2686;2.08;2.76;4.77;7.27;9.03;17.00;27.35;19.94;9.81
2025;23;CE;2;5;83.87;792.7887;2.00;2.11;3.51;4.14;6.36;11.03;18.89;23.48;28.48
2025;23;CE;2;3;83.90;792.8154;2.00;2.10;3.50;4.14;6.37;11.04;18.90;23.48;28.48
2025;23;CE;2;2;78.30;786.6333;2.82;4.50;5.49;5.57;4.59;7.71;17.16;23.62;28.54
2025;24;RN;2;5;48.47;731.9985;7.00;7.94;11.82;12.94;17.84;23.19;13.91;4.34;1.01
2025;24;RN;2;3;47.82;731.4434;7.08;8.10;11.94;13.15;17.84;22.96;13.57;4.37;0.99
2025;24;RN;2;2;52.14;735.1349;6.54;7.01;11.15;11.76;17.85;24.50;15.89;4.18;1.13
2025;25;PB;2;3;71.10;761.1700;2.90;3.47;6.23;9.79;9.92;21.31;26.88;14.54;4.97
2025;25;PB;2;2;58.98;744.4700;5.63;5.79;10.23;12.91;9.76;22.52;22.19;9.17;1.80
2025;25;PB;2;5;70.68;760.6000;2.99;3.55;6.36;9.90;9.92;21.35;26.72;14.35;4.86
2025;26;PE;2;5;65.81;757.2300;3.39;4.00;6.66;11.29;12.01;19.22;25.02;13.55;4.86
2025;26;PE;2;3;65.84;757.2400;3.40;4.00;6.67;11.29;11.97;19.20;25.05;13.56;4.86
2025;26;PE;2;2;60.90;755.3000;1.96;3.36;5.41;12.69;18.29;21.25;20.77;12.57;3.69
2025;27;AL;2;5;63.77;750.9422;3.38;4.48;8.07;10.67;15.49;25.17;19.92;9.00;3.81
2025;27;AL;2;2;49.95;733.0821;5.50;7.89;12.14;12.79;19.02;23.49;14.00;4.79;0.38
2025;27;AL;2;3;64.37;751.7214;3.29;4.33;7.90;10.58;15.33;25.25;20.18;9.19;3.96
2025;28;SE;2;3;49.11;733.2953;6.25;9.20;10.44;8.90;23.41;22.65;13.40;4.91;0.83
2025;28;SE;2;5;49.76;733.8533;6.21;9.02;10.22;8.65;23.57;22.97;13.54;5.02;0.80
2025;28;SE;2;2;55.16;738.5139;5.83;7.53;8.41;6.56;24.90;25.65;14.65;5.95;0.52
2025;29;BA;2;5;55.32;737.3164;4.55;6.88;13.21;7.17;20.57;28.01;15.05;3.82;0.74
2025;29;BA;2;3;55.35;737.3423;4.54;6.86;13.21;7.17;20.59;28.02;15.06;3.82;0.73
2025;29;BA;2;2;43.98;726.0603;8.21;14.31;14.97;7.36;14.82;21.35;13.32;3.06;2.59
2025;31;MG;2;5;73.83;760.7608;2.05;3.00;5.14;7.08;14.12;26.90;27.55;11.32;2.85
2025;31;MG;2;3;73.44;760.0880;2.10;3.09;5.25;7.10;14.32;27.14;27.38;10.96;2.66
2025;31;MG;2;2;75.35;763.4109;1.85;2.65;4.72;6.99;13.30;25.94;28.23;12.70;3.62
2025;32;ES;2;5;77.22;771.7700;2.05;2.77;4.44;6.63;10.46;19.66;26.48;17.17;10.35
2025;32;ES;2;3;76.94;771.3400;2.09;2.82;4.51;6.69;10.54;19.71;26.40;17.04;10.19
2025;32;ES;2;2;83.89;781.9900;0.93;1.60;2.71;5.36;8.49;18.51;28.19;20.18;14.05
2025;33;RJ;2;5;60.01;744.6456;3.27;4.78;9.24;11.72;17.34;28.44;18.54;5.26;1.40
2025;33;RJ;2;3;59.99;744.6169;3.28;4.78;9.25;11.73;17.35;28.44;18.52;5.26;1.40
2025;33;RJ;2;2;81.13;766.9011;0.00;0.00;2.88;8.50;14.38;30.85;34.17;3.37;5.86
2025;35;SP;2;3;59.38;743.3686;8.25;1.11;4.30;12.17;22.44;26.17;18.51;6.28;0.77
2025;35;SP;2;2;64.26;747.8576;7.28;1.87;3.48;10.47;19.82;27.26;21.21;7.69;0.93
2025;35;SP;2;5;60.50;744.4063;8.03;1.29;4.11;11.78;21.83;26.42;19.14;6.60;0.81
2025;41;PR;2;5;79.69;767.8053;1.59;2.39;4.37;5.62;10.43;25.91;31.00;14.22;4.47
2025;41;PR;2;3;79.68;767.7970;1.59;2.39;4.37;5.62;10.43;25.92;31.00;14.22;4.47
2025;41;PR;2;2;83.26;774.6746;1.51;1.24;3.20;4.20;10.13;23.82;30.67;19.09;6.13
2025;42;SC;2;0;63.18;750.2257;3.45;4.41;7.89;11.87;17.58;22.79;17.62;10.20;4.19
2025;42;SC;2;5;63.18;750.2257;3.45;4.41;7.89;11.87;17.58;22.79;17.62;10.20;4.19
2025;42;SC;2;3;64.73;751.9995;3.19;4.14;7.52;11.46;17.37;23.00;18.15;10.71;4.47
2025;42;SC;2;2;57.76;744.0476;4.35;5.37;9.18;13.29;18.31;22.08;15.78;8.41;3.23
2025;43;RS;2;2;52.95;733.9023;10.10;3.72;3.58;12.96;25.07;29.67;13.23;1.63;0.04
2025;43;RS;2;5;52.38;734.3705;9.57;3.16;3.81;13.46;26.15;29.55;12.66;1.59;0.07
2025;43;RS;2;3;52.13;734.5717;9.34;2.93;3.90;13.67;26.61;29.50;12.41;1.57;0.08
2025;50;MS;2;5;65.62;751.7145;2.57;4.09;7.53;10.20;15.52;26.60;23.82;7.73;1.95
2025;50;MS;2;3;65.88;752.0002;2.51;4.04;7.46;10.13;15.50;26.64;23.95;7.80;1.96
2025;50;MS;2;2;51.71;736.1030;5.64;6.90;11.36;13.55;16.21;24.27;16.75;4.08;1.24
2025;51;MT;2;5;74.92;764.2600;2.19;2.98;5.43;7.79;10.71;23.79;27.43;14.48;5.20
2025;51;MT;2;3;75.08;764.4500;2.17;2.96;5.38;7.73;10.70;23.80;27.50;14.54;5.23
2025;51;MT;2;2;60.40;746.3900;4.23;5.40;10.35;12.74;11.75;22.91;21.51;8.90;2.21
2025;52;GO;2;5;80.33;770.4500;1.17;1.81;3.81;7.30;8.69;24.62;31.86;15.46;5.28
2025;52;GO;2;3;80.33;770.4500;1.17;1.81;3.81;7.30;8.69;24.62;31.86;15.46;5.29
2025;52;GO;2;2;84.09;776.4500;0.00;0.00;2.27;6.82;11.36;22.73;34.09;22.73;0.00
2025;53;DF;2;5;64.84;747.3454;2.81;4.07;7.25;8.64;20.04;33.62;18.57;4.08;0.91
2025;53;DF;2;2;64.84;747.3454;2.81;4.07;7.25;8.64;20.04;33.62;18.57;4.08;0.91
